sprint,data_snapshot,item_id,tipo,numero,titulo,status,responsaveis,labels,estado,criado_em,fechado_em,atualizado_em,repositorio,url
Lab01S01,2026-08-21T17:52:48Z,PVTI_lAHOBrraXM4BgLUqzg2TjfA,ISSUE,17,S02-04 — Validar idade dos repositórios e Pull Requests aceitas,In review,Victorgabrielcruz,,OPEN,2026-08-12T20:10:44Z,,2026-08-21T00:29:35Z,Victorgabrielcruz/lab-medicao-e-experimentacao-de-software,https://github.com/Victorgabrielcruz/lab-medicao-e-experimentacao-de-software/issues/17
Lab01S01,2026-08-21T17:52:48Z,PVTI_lAHOBrraXM4BgLUqzg2TljY,ISSUE,20,S02-07 — Avaliar qualidade e completude dos dados coletados,Done,Victorgabrielcruz,,CLOSED,2026-08-12T20:14:55Z,2026-08-21T12:39:05Z,2026-08-21T12:39:06Z,Victorgabrielcruz/lab-medicao-e-experimentacao-de-software,https://github.com/Victorgabrielcruz/lab-medicao-e-experimentacao-de-software/issues/20
Lab01S01,2026-08-21T17:52:48Z,PVTI_lAHOBrraXM4BgLUqzg2Tl30,ISSUE,21,S02-08 — Registrar evidências do fluxo de trabalho da sprint,In progress,JonathaDaSilva,,OPEN,2026-08-12T20:15:31Z,,2026-08-21T00:13:43Z,Victorgabrielcruz/lab-medicao-e-experimentacao-de-software,https://github.com/Victorgabrielcruz/lab-medicao-e-experimentacao-de-software/issues/21
Lab01S01,2026-08-21T17:52:48Z,PVTI_lAHOBrraXM4BgLUqzg2Slx0,ISSUE,10,S01-03 — Implementar métricas de linguagem e fechamento de issues,Done,matheus-0063,,CLOSED,2026-08-12T17:50:02Z,2026-08-14T02:04:25Z,2026-08-14T02:04:27Z,Victorgabrielcruz/lab-medicao-e-experimentacao-de-software,https://github.com/Victorgabrielcruz/lab-medicao-e-experimentacao-de-software/issues/10
Lab01S01,2026-08-21T17:52:48Z,PVTI_lAHOBrraXM4BgLUqzg2Tkkg,ISSUE,19,S02-06 — Validar linguagem e percentual de issues fechadas,Done,matheus-0063,,CLOSED,2026-08-12T20:12:48Z,2026-08-21T01:58:20Z,2026-08-21T01:58:20Z,Victorgabrielcruz/lab-medicao-e-experimentacao-de-software,https://github.com/Victorgabrielcruz/lab-medicao-e-experimentacao-de-software/issues/19
Lab01S01,2026-08-21T17:52:48Z,PVTI_lAHOBrraXM4BgLUqzg2TiTA,ISSUE,14,S02-01 — Implementar coleta paginada dos 1.000 repositórios,Done,JonathaDaSilva,,CLOSED,2026-08-12T20:07:59Z,2026-08-21T00:13:40Z,2026-08-21T00:13:42Z,Victorgabrielcruz/lab-medicao-e-experimentacao-de-software,https://github.com/Victorgabrielcruz/lab-medicao-e-experimentacao-de-software/issues/14
Lab01S01,2026-08-21T17:52:48Z,PVTI_lAHOBrraXM4BgLUqzg2Tj5s,ISSUE,18,S02-05 — Validar releases e métricas de atividade dos repositórios,Done,matheus-0063,,CLOSED,2026-08-12T20:11:37Z,2026-08-21T00:20:28Z,2026-08-21T00:20:30Z,Victorgabrielcruz/lab-medicao-e-experimentacao-de-software,https://github.com/Victorgabrielcruz/lab-medicao-e-experimentacao-de-software/issues/18
Lab01S01,2026-08-21T17:52:48Z,PVTI_lAHOBrraXM4BgLUqzg3KkAs,ISSUE,36,S02-09-Correção Pipeline,Done,matheus-0063,,CLOSED,2026-08-19T14:27:20Z,2026-08-20T22:57:26Z,2026-08-20T22:57:28Z,Victorgabrielcruz/lab-medicao-e-experimentacao-de-software,https://github.com/Victorgabrielcruz/lab-medicao-e-experimentacao-de-software/issues/36
Lab01S01,2026-08-21T17:52:48Z,PVTI_lAHOBrraXM4BgLUqzg2Tiu0,ISSUE,15,S02-02 — Implementar persistência dos dados em CSV,Done,JonathaDaSilva,,CLOSED,2026-08-12T20:08:56Z,2026-08-21T00:13:40Z,2026-08-21T00:13:41Z,Victorgabrielcruz/lab-medicao-e-experimentacao-de-software,https://github.com/Victorgabrielcruz/lab-medicao-e-experimentacao-de-software/issues/15
Lab01S01,2026-08-21T17:52:48Z,PVTI_lAHOBrraXM4BgLUqzg2TjDo,ISSUE,16,S02-03 — Construir pipeline de transformação e cálculo das métricas,Done,matheus-0063,,CLOSED,2026-08-12T20:09:40Z,2026-08-20T00:34:07Z,2026-08-20T00:34:09Z,Victorgabrielcruz/lab-medicao-e-experimentacao-de-software,https://github.com/Victorgabrielcruz/lab-medicao-e-experimentacao-de-software/issues/16
Lab01S01,2026-08-21T17:52:48Z,PVTI_lAHOBrraXM4BgLUqzg2SlD4,ISSUE,8,S01-01 — Implementar métricas de idade e Pull Requests aceitas,Done,Victorgabrielcruz,,CLOSED,2026-08-12T17:48:24Z,2026-08-14T03:31:30Z,2026-08-14T03:31:32Z,Victorgabrielcruz/lab-medicao-e-experimentacao-de-software,https://github.com/Victorgabrielcruz/lab-medicao-e-experimentacao-de-software/issues/8
Lab01S01,2026-08-21T17:52:48Z,PVTI_lAHOBrraXM4BgLUqzg2Sm7g,ISSUE,12,S01-05 — Configurar gestão e rastreabilidade das sprints,Done,Victorgabrielcruz,,CLOSED,2026-08-12T17:52:48Z,2026-08-13T12:28:52Z,2026-08-13T12:28:53Z,Victorgabrielcruz/lab-medicao-e-experimentacao-de-software,https://github.com/Victorgabrielcruz/lab-medicao-e-experimentacao-de-software/issues/12
Lab01S01,2026-08-21T17:52:48Z,PVTI_lAHOBrraXM4BgLUqzg2SmJM,ISSUE,11,S01-04 — Construir coletor GraphQL de dados dos repositórios,Done,JonathaDaSilva,,CLOSED,2026-08-12T17:50:57Z,2026-08-13T01:49:59Z,2026-08-13T01:50:01Z,Victorgabrielcruz/lab-medicao-e-experimentacao-de-software,https://github.com/Victorgabrielcruz/lab-medicao-e-experimentacao-de-software/issues/11
Lab01S01,2026-08-21T17:52:48Z,PVTI_lAHOBrraXM4BgLUqzg2SnsU,ISSUE,13,S01-06 — Implementar resiliência e tratamento de falhas da API,Done,JonathaDaSilva,,CLOSED,2026-08-12T17:54:25Z,2026-08-13T14:16:03Z,2026-08-13T14:16:05Z,Victorgabrielcruz/lab-medicao-e-experimentacao-de-software,https://github.com/Victorgabrielcruz/lab-medicao-e-experimentacao-de-software/issues/13
Lab01S01,2026-08-21T17:52:48Z,PVTI_lAHOBrraXM4BgLUqzg2SlYo,ISSUE,9,S01-02 — Implementar métricas de releases e atividade do repositório,Done,JonathaDaSilva,,CLOSED,2026-08-12T17:49:06Z,2026-08-13T23:20:53Z,2026-08-14T00:36:31Z,Victorgabrielcruz/lab-medicao-e-experimentacao-de-software,https://github.com/Victorgabrielcruz/lab-medicao-e-experimentacao-de-software/issues/9
Lab01S01,2026-08-21T17:52:48Z,PVTI_lAHOBrraXM4BgLUqzg3Oltc,ISSUE,37,S03-01 — Consolidar dataset para análise da RQ07,Product Backlog,,,OPEN,2026-08-19T23:29:56Z,,2026-08-19T23:29:57Z,Victorgabrielcruz/lab-medicao-e-experimentacao-de-software,https://github.com/Victorgabrielcruz/lab-medicao-e-experimentacao-de-software/issues/37
Lab01S01,2026-08-21T17:52:48Z,PVTI_lAHOBrraXM4BgLUqzg3OmA4,ISSUE,38,S03-02 — Implementar análise da RQ07,Product Backlog,,,OPEN,2026-08-19T23:31:12Z,,2026-08-19T23:31:12Z,Victorgabrielcruz/lab-medicao-e-experimentacao-de-software,https://github.com/Victorgabrielcruz/lab-medicao-e-experimentacao-de-software/issues/38
Lab01S01,2026-08-21T17:52:48Z,PVTI_lAHOBrraXM4BgLUqzg3OmKQ,ISSUE,39,S03-03 — Interpretar e documentar resultados da RQ07,Product Backlog,,,OPEN,2026-08-19T23:31:49Z,,2026-08-19T23:31:49Z,Victorgabrielcruz/lab-medicao-e-experimentacao-de-software,https://github.com/Victorgabrielcruz/lab-medicao-e-experimentacao-de-software/issues/39
